name|email|birthdate|length_name
Miss Jessie Rippin|Presley_Hand72@yahoo.com|Wed Feb 23 1949 05:31:56 GMT+0100 (Central European Standard Time)|18
Adrienne Rath|Talia95@yahoo.com|Sun Sep 15 1996 23:44:23 GMT+0200 (Central European Summer Time)|13
Keith Kihn Jr.|Rico1@yahoo.com|Wed Oct 11 1950 00:39:32 GMT+0100 (Central European Summer Time)|14
Ella Schneider|Gaston.Carroll91@yahoo.com|Wed Apr 02 1947 21:45:57 GMT+0100 (Central European Summer Time)|14
Ken Prohaska|Zachary_Schinner36@hotmail.com|Tue Jul 20 2004 01:32:06 GMT+0200 (Central European Summer Time)|12
Levi Roberts|Kaia.Stehr72@gmail.com|Fri Jan 11 1980 04:03:20 GMT+0100 (Central European Standard Time)|12
Grady Hackett|Savanah_Witting@hotmail.com|Tue Oct 05 1954 18:49:28 GMT+0100 (Central European Summer Time)|13
Lena McKenzie MD|Walker_Simonis80@hotmail.com|Tue Dec 02 1947 02:42:35 GMT+0100 (Central European Standard Time)|16
Bonnie Kunde|Melissa39@yahoo.com|Fri Oct 12 1956 21:35:32 GMT+0100 (Central European Summer Time)|12
Gail Dietrich|Luigi.Padberg@hotmail.com|Wed Jul 28 2004 15:51:58 GMT+0200 (Central European Summer Time)|13
Courtney Ullrich|Damion.McDermott85@hotmail.com|Mon Apr 15 1974 20:41:06 GMT+0100 (Central European Standard Time)|16
Hannah Jacobson|Fannie58@gmail.com|Mon Aug 03 1981 18:35:12 GMT+0100 (Central European Standard Time)|15
Cameron Kris|Else.Grimes19@hotmail.com|Mon Feb 22 1982 16:51:06 GMT+0100 (Central European Standard Time)|12
Fred Anderson|Lloyd.Parker@yahoo.com|Mon Apr 16 1973 01:20:46 GMT+0100 (Central European Standard Time)|13
Dana Conroy|Bradley60@yahoo.com|Wed Oct 08 1997 06:26:30 GMT+0200 (Central European Summer Time)|11
Opal Rempel|Mallie.Rogahn3@yahoo.com|Sat Apr 07 1973 17:47:35 GMT+0100 (Central European Standard Time)|11
Kim McGlynn|Mackenzie.Corkery@hotmail.com|Tue Jun 28 1977 13:09:15 GMT+0100 (Central European Standard Time)|11
Mr. Toby Moore|Theresa.Schulist@gmail.com|Sat Feb 01 1969 14:43:32 GMT+0100 (Central European Standard Time)|14
Marcella Wyman|Murray.Predovic6@gmail.com|Tue Jan 02 1973 07:32:18 GMT+0100 (Central European Standard Time)|14
Alison Bernhard|Jacinthe84@gmail.com|Mon Feb 26 1990 23:40:04 GMT+0100 (Central European Standard Time)|15
Roman Hickle|Stephan_Sawayn54@gmail.com|Fri Jan 09 1998 17:45:48 GMT+0100 (Central European Standard Time)|12
Richard D'Amore|Deja.Jaskolski33@gmail.com|Sat Jul 14 1956 21:50:36 GMT+0100 (Central European Summer Time)|15
Violet Carter|Mekhi.Bode55@hotmail.com|Wed Jul 31 1991 17:13:01 GMT+0200 (Central European Summer Time)|13
Laurie Ebert|Twila_Bergstrom@gmail.com|Sat Mar 15 1947 22:40:24 GMT+0100 (Central European Standard Time)|12
Gregory Koch|Andre61@yahoo.com|Tue Jul 26 1983 01:14:20 GMT+0200 (Central European Summer Time)|12
Lorena Zieme|Urban9@hotmail.com|Thu Apr 12 1956 17:29:02 GMT+0100 (Central European Summer Time)|12
Annette Morar|Roosevelt42@hotmail.com|Wed Aug 17 2005 11:47:05 GMT+0200 (Central European Summer Time)|13
Dr. Frederick Daugherty MD|Ashton8@yahoo.com|Wed Aug 23 2000 20:51:19 GMT+0200 (Central European Summer Time)|26
Miss Sadie Rippin|Nyah_Johnson@yahoo.com|Sat Nov 14 1992 10:51:20 GMT+0100 (Central European Standard Time)|17
Shelly Mante|Zoe_Marvin8@yahoo.com|Thu Aug 01 1946 02:15:36 GMT+0100 (Central European Summer Time)|12
Noel Davis|Amani_Murray@yahoo.com|Sat May 30 1953 17:27:40 GMT+0100 (Central European Summer Time)|10
Dr. Adrienne Reynolds-Von|Brando61@hotmail.com|Wed Jun 27 1973 13:29:47 GMT+0100 (Central European Standard Time)|25
Eva VonRueden|Cierra.DuBuque94@yahoo.com|Sat Jan 10 1976 22:25:05 GMT+0100 (Central European Standard Time)|13
Wendy Swaniawski|Jany62@hotmail.com|Mon Oct 18 1948 11:19:48 GMT+0100 (Central European Summer Time)|16
Julian Kuphal-Langworth|Leif.Willms34@gmail.com|Wed Aug 24 1960 03:21:51 GMT+0100 (Central European Summer Time)|23
Lee Ortiz|Yolanda_Schultz94@yahoo.com|Wed Nov 29 1989 18:47:15 GMT+0100 (Central European Standard Time)|9
Mrs. Delia Larson|Micaela5@yahoo.com|Thu Jul 30 1987 02:40:54 GMT+0200 (Central European Summer Time)|17
Doris Vandervort|Llewellyn.Wisoky25@hotmail.com|Wed Jan 08 1986 22:02:00 GMT+0100 (Central European Standard Time)|16
Domingo Morissette|Cora.Okuneva60@hotmail.com|Tue Jan 16 1990 09:04:04 GMT+0100 (Central European Standard Time)|18
Gertrude Kuhlman|Simeon_Morissette75@yahoo.com|Wed Mar 04 1964 01:16:43 GMT+0100 (Central European Standard Time)|16
Miguel Rohan|Kurtis_Collier12@hotmail.com|Sun Apr 14 1946 16:55:33 GMT+0100 (Central European Summer Time)|12
Kristen Legros|Mitchell.Corwin@yahoo.com|Fri May 14 1965 05:13:32 GMT+0100 (Central European Summer Time)|14
Ben Abbott|Sigmund46@hotmail.com|Tue Mar 03 1970 00:09:43 GMT+0100 (Central European Standard Time)|10
Samuel Stark|Gina_Abernathy68@gmail.com|Thu Sep 29 1960 23:34:26 GMT+0100 (Central European Summer Time)|12
Dr. Cassandra Crooks II|Wilber79@yahoo.com|Sun Jun 18 1989 08:25:49 GMT+0200 (Central European Summer Time)|23
Anthony Champlin|Queen90@gmail.com|Sat May 18 1996 21:35:20 GMT+0200 (Central European Summer Time)|16
Dr. Jenna Frami|Elijah.Paucek@gmail.com|Wed Jan 07 1976 03:44:41 GMT+0100 (Central European Standard Time)|15
Cory Dibbert|Demond_Dach42@hotmail.com|Tue Apr 06 1954 01:26:00 GMT+0100 (Central European Summer Time)|12
Ms. Amanda Rutherford|Emmalee_Kessler@yahoo.com|Sat Aug 14 1976 11:49:08 GMT+0100 (Central European Standard Time)|21
